{
  "eye": {
    "orientation": [
      -0.08223973214626312,
      0.6795900464057922,
      0.7236880660057068,
      -0.08757683634757996
    ],
    "magnitude": 0.043283335864543915,
    "position": [
      -31.576614379882812,
      137.62054443359375,
      8.188397407531738
    ]
  },
  "radius": 100,
  "type": "ORTHOGRAPHIC"
}